INSERT INTO
    `users` (`id`, `name`, `email`, `password`, `birthday`, `rol`)
VALUES
    (1, 'Marco', 'marco@gmail.com', 12345678, '2003-03-23', 'member'),
    (2, 'Maria', 'maria@hotmail.com', 12345678, '1995-12-10', 'member'),
    (3, 'Juan', 'juan@yahoo.com', 12345678, '1990-08-15', 'member'),
    (4, 'Laura', 'laura@gmail.com', 12345678, '1998-04-02', 'member'),
    (5, 'Carlos', 'carlos@gmail.com', 12345678, '1992-11-07', 'member'),
    (6, 'Anamaria', 'anamaria@gmail.com', 12345678, '2001-07-20', 'member'),
    (7, 'Daniel', 'daniel@hotmail.com', 12345678, '1987-02-14', 'member'),
    (8, 'Paulo', 'paulo@yahoo.com', 12345678, '1994-05-30', 'member'),
    (9, 'Jose', 'jose@gmail.com', 12345678, '1985-09-18', 'member'),
    (10, 'Luisa', 'luisa@gmail.com', 12345678, '1999-11-25', 'member'),
    (11, 'Sofía', 'sofia@gmail.com', 12345678, '1991-06-07', 'member'),
    (12, 'Jorge', 'jorge@hotmail.com', 12345678, '2000-03-18', 'member'),
    (13, 'Marta', 'marta@yahoo.com', 12345678, '1989-09-25', 'member'),
    (14, 'Federico', 'federico@gmail.com', 12345678, '1996-12-14', 'member'),
    (15, 'Gisela', 'gisela@gmail.com', 12345678, '1993-08-29', 'member'),
    (16, 'Ricardo', 'ricardo@gmail.com', 12345678, '1997-04-23', 'member'),
    (17, 'Luciana', 'luciana@hotmail.com', 12345678, '1988-11-09', 'member'),
    (18, 'Diego', 'diego@yahoo.com', 12345678, '1992-07-22', 'member'),
    (19, 'Valeria', 'valeria@gmail.com', 12345678, '1995-01-31', 'member'),
    (20, 'Hugo', 'hugo@gmail.com', 12345678, '2004-05-12', 'member'),
    (21, 'Cecilia', 'cecilia@gmail.com', 12345678, '1998-02-28', 'member'),
    (22, 'Tomás', 'tomas@hotmail.com', 12345678, '1987-07-05', 'member'),
    (23, 'Agustina', 'agustina@yahoo.com', 12345678, '1990-12-19', 'member'),
    (24, 'Florencia', 'florencia@gmail.com', 12345678, '1994-09-04', 'member'),
    (25, 'Pablo', 'pablo@gmail.com', 12345678, '1985-04-01', 'member'),
    (26, 'Camila', 'camila@gmail.com', 12345678, '2001-10-08', 'member'),
    (27, 'Ignacio', 'ignacio@hotmail.com', 12345678, '1993-05-17', 'member'),
    (28, 'Carolina', 'carolina@yahoo.com', 12345678, '1986-08-26', 'member'),
    (29, 'Lucas', 'lucas@gmail.com', 12345678, '1999-11-02', 'member'),
    (30, 'Ana', 'ana@hotmail.com', 12345678, '1984-03-16', 'member');

INSERT INTO
    `events` (`id`, `name`, `description`, `location`, `date`, `hour`, `tags`, `visible`)
VALUES
    (1, 'Torneo de League of Legends', '¡Ven a competir con los mejores equipos de la región en nuestro torneo de League of Legends!', 'Centro de Convenciones', '2023-03-15', '13:00:00', 'esports, League of Legends, competición', 1),
    (2, 'Charla con jugadores profesionales', 'Conoce a tus ídolos y aprende de sus experiencias en el mundo de los eSports', 'Sala de conferencias del estadio', '2023-04-20', '18:00:00', 'esports, jugadores profesionales', 1),
    (3, 'Taller de diseño de videojuegos', 'Aprende a crear tus propios videojuegos con los mejores diseñadores del país', 'Centro Cultural', '2023-05-25', '10:00:00', 'esports, diseño de videojuegos', 1),
    (4, 'Partido amistoso de Counter Strike', '¡No te pierdas este emocionante partido amistoso de Counter Strike!', 'Arena de eSports', '2023-06-10', '19:00:00', 'esports, Counter Strike, amistoso', 1),
    (5, 'Torneo de Fortnite', '¡Gana fabulosos premios en nuestro torneo de Fortnite!', 'Estadio Municipal', '2023-07-15', '14:00:00', 'esports, Fortnite, competición', 1),
    (6, 'Torneo de Valorant', '¡Demuestra tus habilidades en nuestro torneo de Valorant y gana premios!', 'Arena de eSports', '2023-08-20', '15:00:00', 'esports, Valorant, competición', 1),
    (7, 'Charla sobre la industria de los videojuegos', 'Conoce las últimas tendencias en la industria de los videojuegos de la mano de expertos', 'Centro de convenciones', '2023-09-05', '19:00:00', 'esports, industria de los videojuegos', 1),
    (8, 'Lanzamiento del nuevo videojuego de la compañía', '¡Sé el primero en jugar al nuevo videojuego de la compañía!', 'Tienda de videojuegos', '2023-10-10', '10:00:00', 'esports, lanzamiento de videojuegos', 1),
    (9, 'Partido amistoso de Rainbow Six Siege', '¡Disfruta de un emocionante partido amistoso de Rainbow Six Siege!', 'Arena de eSports', '2023-11-15', '16:00:00', 'esports, Rainbow Six Siege, amistoso', 1),
    (10, 'Torneo de Hearthstone', '¡Demuestra tu habilidad en nuestro torneo de Hearthstone y gana fabulosos premios!', 'Estadio Municipal', '2023-12-20', '12:00:00', 'esports, Hearthstone, competición', 1);

INSERT INTO
    `event_user` (`id`, `event_id`, `user_id`)
VALUES
    (1, 3, 12),
    (2, 2, 9),
    (3, 6, 23),
    (4, 10, 7),
    (5, 1, 15),
    (6, 8, 27),
    (7, 5, 18),
    (8, 7, 29),
    (9, 9, 30),
    (10, 4, 6),
    (11, 1, 3),
    (12, 2, 13),
    (13, 3, 22),
    (14, 4, 11),
    (15, 5, 4),
    (16, 6, 28),
    (17, 7, 8),
    (18, 8, 14),
    (19, 9, 17),
    (20, 10, 20),
    (21, 1, 19),
    (22, 2, 25),
    (23, 3, 26),
    (24, 4, 1),
    (25, 5, 21),
    (26, 6, 5),
    (27, 7, 16),
    (28, 8, 24),
    (29, 9, 10),
    (30, 10, 2);
